osm_id,name,amenity,lon,lat
2683648259,,hospital,101.5034953,6.4325155
4585394891,,hospital,101.1236675,6.4902478
3180219447,โรงพยาบาลรามัน,hospital,101.4178971,6.473785
1743126090,โรงพยาบาลสะบ้าย้อย,hospital,100.9483551,6.6240852
7856632113,โรงพยาบาลมายอ,hospital,101.4185607,6.720369
7856632109,โรงพยาบาลเจาะไอร้อง,hospital,101.8087846,6.2222279
7856632118,โรงพยาบาลเบตง,hospital,101.0820991,5.7735085
7856632121,โรงพยาบาลกาบัง,hospital,101.0211861,6.4299102
7856632124,โรงพยาบาลยะรัง,hospital,101.2923735,6.7517367
7856632108,โรงพยาบาลสุไหงปาดี,hospital,101.8774545,6.0818655
7856632120,โรงพยาบาลบันนังสตา,hospital,101.2577677,6.2633316
7856632116,โรงพยาบาลกะพ้อ,hospital,101.5423071,6.5712972
7856632122,โรงพยาบาลสิโรรส,hospital,101.2796223,6.5515682
7856632125,โรงพยาบาลยะหริ่ง,hospital,101.3774908,6.855718
7856632115,โรงพยาบาลสมเด็จพระยุพราชสายบุรี,hospital,101.6198552,6.6955846
7856632131,โรงพยาบาลจะนะ,hospital,100.7401442,6.9151585
7856632119,โรงพยาบาลธารโต,hospital,101.1784601,6.1707583
7856632112,โรงพยาบาลไม้แก่น,hospital,101.6651523,6.6113443
7856632117,โรงพยาบาลศรีสาคร,hospital,101.4989573,6.2404631
7856632114,โรงพยาบาลปะนาเระ,hospital,101.4864313,6.8401284
7856632107,โรงพยาบาลแว้ง,hospital,101.8869281,5.9428005
7856632111,โรงพยาบาลบาเจาะ,hospital,101.6598093,6.5036973
7856632127,โรงพยาบาลโคกโพธิ์,hospital,101.1180246,6.7352966
7856632106,โรงพยาบาลจะแนะ,hospital,101.6968936,6.1307621
7856632110,โรงพยาบาลระแงะ,hospital,101.7269182,6.2973512
7856632130,โรงพยาบาลสมเด็จพระบรมราชินีนาถ,hospital,100.6933933,6.729527
7856632126,โรงพยาบาลค่ายอิงคยุทธบริหาร,hospital,101.146,6.7898301
7856632123,โรงพยาบาลแม่ลาน,hospital,101.2421357,6.6587359
4676899195,,hospital,102.0464857,6.2500258
5595684855,,hospital,101.7882449,6.4547895
7688191925,โรงพยาบาลเทพา,hospital,100.9542222,6.8043668
1743126097,โรงพยาบาลยะลา,hospital,101.2767711,6.5480818
3048977997,โรงพยาบาลปัตตานี,hospital,101.2493698,6.8692734
2412787420,โรงพยาบาล​ยี่งอเฉลิม​พระเกียรติ​ 80 พรรษา,hospital,101.6924328,6.3937509
4382350090,โรงพยาบาล สุไหงโก-ลก,hospital,101.9711658,6.0268469
1964010709,โรงพยาบาลรือเสาะ,hospital,101.5093104,6.3773593
5248793592,Mountain View Hospital,hospital,98.9208689,18.9675534
1581134527,,hospital,98.8633774,18.6353818
2769811236,,hospital,99.5755197,18.7841637
2769811337,,hospital,99.5233009,18.9254304
4223117676,,hospital,100.4791146,13.9148063
2185742161,,hospital,100.1067778,15.6839278
4234979391,,hospital,100.5233396,14.0205161
7719348885,,hospital,99.2047522,10.6891312
3424226335,,hospital,98.8233359,18.2560812
2628852100,,hospital,98.5650472,15.7091495
2592288054,,hospital,99.7679156,17.5421207
2633808808,,hospital,99.1462141,19.8052951
2464025152,,hospital,99.4443969,18.4285211
4471385093,,hospital,99.8587577,19.5807683
4414919389,,hospital,100.3988259,13.7108224
340033080,,hospital,100.4789514,13.7554064
6342986773,,hospital,100.2039739,16.8806253
2633487094,,hospital,99.4872975,19.9308378
3793647941,,hospital,99.5863154,13.9630092
6349200092,,hospital,99.1590221,17.4455304
4994509525,,hospital,100.0580069,20.0118725
3801716846,,hospital,98.6431017,18.2981009
6349199686,,hospital,99.8237238,17.0059782
7118670496,EKI-IVF CENTER,hospital,100.5726682,13.7553387
3168260680,รพ.บ้านลาด,hospital,99.884264,13.0569171
1872414783,สถานีกาชาดที่ 11 วิเศษนิยม,hospital,100.4356835,13.7125212
3115180478,รพ.บ้านแพ้ว,hospital,100.10327,13.591405
3117314444,Yahnasang Vararam Hospital,hospital,100.9563246,12.7926559
3320402674,Thanakan Hospital,hospital,99.5371016,14.0138843
3174286722,รพ.แก่งกะจาน,hospital,99.7218855,12.9247213
3314255066,Thonburi Chumphon Hospital,hospital,99.1439879,10.5027627
6794853004,Ratchakru Medical Center,hospital,100.542245,13.7775546
6964258385,โรงพยาบาลเกษมราษฏร์ รัตนาธิเบศร์,hospital,100.423557,13.8755191
3648286644,รพ.หลวงพ่อเปิ่น,hospital,100.2163148,13.8998167
3090317566,Chiangmai Klaimor Hospital,hospital,98.972118,18.760717
7856667638,โรงพยาบาลโรคปอดกรุงเทพ,hospital,100.5459362,13.7847939
4279269535,ศูนย์กู้ชีพลูนิเกต,hospital,100.1660074,18.4411432
6174729786,ศูนย์การแพทย์และโรงพยาบาล มหาวิทยาลัยพะเยา,hospital,99.9192635,19.0323271
4525677283,โรงพยาบาลชุมชน นาควัชระอุทิศ,hospital,100.3702392,13.6901194
6296912738,โรงพยาบาล​ทหารผ่านศึก​,hospital,100.5516101,13.7718882
3549608305,โรงพยาบาลร่มฉัตร,hospital,100.1335322,15.699488
1669899708,โรงพยาบาลเทพากร,hospital,100.063818,13.8203525
1642379776,โรงพยาบาลดอนมะขามเตี้ย,hospital,99.4091886,13.8529676
6984010696,โรงพยาบาลภูซาง,hospital,100.3374206,19.6103502
5638831323,โรงพยาบาลบางไผ่,hospital,100.4650089,13.7249938
7856667719,โรงพยาบาลศรีประจันต์,hospital,100.149951,14.6408807
7856667660,โรงพยาบาลพระอินทร์,hospital,100.6188869,14.1500171
7856667462,โรงพยาบาลอาภากรเกียรติวงศ์,hospital,100.8957285,12.6624004
7856667421,โรงพยาบาลหมอเล็ก,hospital,99.1835457,10.4918365
7856667737,โรงพยาบาลคลองลาน,hospital,99.3247694,16.183292
7856667480,โรงพยาบาลเมืองสมุทร,hospital,100.601128,13.5950504
7856667637,โรงพยาบาลสยาม,hospital,100.596123,13.8022151
7856667681,โรงพยาบาลบ้านแพ้ว 2,hospital,100.1836717,13.5252962
7856667776,โรงพยาบาลแม่ทะ,hospital,99.5399201,18.1568827
7856667702,โรงพยาบาลมหาราช,hospital,100.5286896,14.5377578
7856667477,โรงพยาบาลป้อมพระจุลจอมเกล้า,hospital,100.5732357,13.541339
7856667649,โรงพยาบาลอนันต์พัฒนา 2,hospital,100.4766494,13.798235
7856667746,โรงพยาบาลศรีนคร,hospital,99.9932992,17.3539051
7856667434,โรงพยาบาลกระทุ่มแบน 2,hospital,100.3307721,13.7220321
7856667639,โรงพยาบาลบุรฉัตรไชยากร,hospital,100.5516493,13.7520786
7856667690,โรงพยาบาลบางแพ,hospital,99.9218237,13.6938086
7856667783,โรงพยาบาลสิริเวช,hospital,99.0380359,18.5617829
7856667479,โรงพยาบาลยุวประสาทไวทโยปถัมถ์,hospital,100.5938405,13.6144774
7856667694,โรงพยาบาลอินทร,hospital,99.8685899,13.8212682
7856667763,โรงพยาบาลแพร่รวมแพทย์,hospital,100.1581693,18.1480845
7856667789,โรงพยาบาลไชยปราการ,hospital,99.1368484,19.7054707
7856667478,โรงพยาบาลบางจาก,hospital,100.5400354,13.6095348
7856667671,โรงพยาบาลศาลายา,hospital,100.3033894,13.8050647
7856667758,โรงพยาบาลท่าปลา,hospital,100.3777027,17.7949179
7856667483,โรงพยาบาลกล้วยน้ำไท,hospital,100.5864751,13.7150697
7856667725,โรงพยาบาลเสนา,hospital,100.3882491,14.3211181
7856667644,โรงพยาบาลกรุงธน 2,hospital,100.5010521,13.6760534
7856667695,โรงพยาบาลนครชัยศรี,hospital,100.195688,13.7917594
7856667711,โรงพยาบาลท่าช้าง,hospital,100.385921,14.7944679
7856667742,โรงพยาบาลลานกระบือ,hospital,99.8455202,16.598955
7856667751,โรงพยาบาลกงไกรลาศ,hospital,99.9658549,16.9545875
7856667687,โรงพยาบาลสมเด็จพระยุพราชจอมบึง,hospital,99.6304822,13.6226002
7856667752,โรงพยาบาลสมเด็จพระเจ้าตากสินมหาราช,hospital,99.1316235,16.8727826
7856667698,โรงพยาบาลบางปะหัน,hospital,100.5341077,14.4767044
7856667709,โรงพยาบาลแสวงหา,hospital,100.3240371,14.7453922
7856667728,โรงพยาบาลมะการักษ์,hospital,99.7675967,13.9081475
7856667666,โรงพยาบาลบางปะอิน,hospital,100.5767923,14.2138013
7856667747,โรงพยาบาลตรอน,hospital,100.1432937,17.4460154
7856667754,โรงพยาบาลรวมแพทย์สุโขทัย,hospital,99.7999763,17.0085042
7856667749,โรงพยาบาลกองบิน 46,hospital,100.2703124,16.7877478
7856667646,โรงพยาบาลบางปะกอก 1,hospital,100.4989117,13.6787951
7856667784,โรงพยาบาลหริภุญชัยเมมโมเรียล,hospital,99.0468764,18.5863841
7856667710,โรงพยาบาลค่ายบางระจัน,hospital,100.2928108,14.7869317
7856667739,โรงพยาบาลวังทรายพูน,hospital,100.5204874,16.4161413
7856667771,โรงพยาบาลจุน,hospital,100.1340562,19.3356901
7856667673,โรงพยาบาลธนบุรี 2,hospital,100.4009736,13.7831371
7856667679,โรงพยาบาลศรีวิชัย 5,hospital,100.2715355,13.5760859
7856667428,โรงพยาบาลเมืองเพชร-ธนบุรี,hospital,99.9456391,13.0831412
7856667740,โรงพยาบาลบางกระทุ่ม,hospital,100.3169989,16.5755626
7856667745,โรงพยาบาลวังทอง,hospital,100.4348606,16.8391347
7856667682,โรงพยาบาลอัมพวา,hospital,99.9456793,13.4339945
7856667750,โรงพยาบาลบางระกำ,hospital,100.1189124,16.7599303
7856667772,โรงพยาบาลเวียงป่าเป้า,hospital,99.5102924,19.3528387
7856667764,โรงพยาบาลหนองม่วงไข่,hospital,100.1795625,18.2785843
7856667657,โรงพยาบาลกรุงสยามเซนต์คาร์ลอส,hospital,100.5540526,14.0049775
7856667670,โรงพยาบาลตุลาการเฉลิมพระเกียรติ,hospital,100.2738583,13.8529556
7856667761,โรงพยาบาลสูงเม่น,hospital,100.1175016,18.0598031
7856667429,โรงพยาบาลค่ายรามราชนิเวศน์,hospital,99.9447218,13.0944325
7856667766,โรงพยาบาลสอง,hospital,100.1818371,18.4604066
7856667667,โรงพยาบาลบางไทร,hospital,100.4941213,14.200738
7856667730,โรงพยาบาลคริสเตียนแม่น้ำแควน้อย,hospital,98.3470237,15.1602616
7856667782,โรงพยาบาลแม่ทา,hospital,99.1294375,18.4607882
7856667433,โรงพยาบาลมหาชัย 2,hospital,100.3009969,13.7072628
7856667461,โรงพยาบาลสัตหีบ กม.10,hospital,100.9741616,12.6973921
7856667641,โรงพยาบาลกรุณาพิทักษ์,hospital,100.5454212,13.7089878
7856667676,โรงพยาบาลนครท่าฉลอม,hospital,100.2683115,13.5356829
7856667724,โรงพยาบาลศุภมิตรเสนา,hospital,100.4111659,14.3163362
7856667693,โรงพยาบาลบ้านโป่ง,hospital,99.8706391,13.8170097
7856667768,โรงพยาบาลแม่เมาะ,hospital,99.6519828,18.2717585
7856667476,โรงพยาบาลเมืองสมุทรปู่เจ้าสมิงพราย,hospital,100.578348,13.6466072
7856667788,โรงพยาบาลแม่แจ่ม,hospital,98.3651501,18.49826
7856667706,โรงพยาบาลสามโก้,hospital,100.2615416,14.6039439
7856667777,โรงพยาบาลวังชิ้น,hospital,99.5986497,17.8894121
7856667431,โรงพยาบาลหนองหญ้าปล้อง,hospital,99.7100901,13.1263443
7856667432,โรงพยาบาลบ้านแหลม,hospital,99.9791694,13.2054894
7856667650,โรงพยาบาลบางใหญ่,hospital,100.4106563,13.8456898
7856667744,โรงพยาบาลพรานกระต่าย,hospital,99.5865798,16.6773579
7856667748,โรงพยาบาลพรหมพิราม,hospital,100.20109,17.0348745
7856667770,โรงพยาบาลปง,hospital,100.2854776,19.1733018
7856667781,โรงพยาบาลทุ่งหัวช้าง,hospital,99.0287608,17.9939225
7856632100,โรงพยาบาลเยาวรักษ์,hospital,100.4747209,13.7199502
7856667697,โรงพยาบาลดอนตูม,hospital,100.0857228,13.9659187
7856667689,โรงพยาบาลเจ็ดเสมียน,hospital,99.8276138,13.6350966
7856667757,โรงพยาบาลค่ายพระยาพิชัย,hospital,100.1398176,17.6639478
7856667669,โรงพยาบาลไทรน้อย,hospital,100.3256249,13.9818272
7856667729,โรงพยาบาลศุกร์ศิริศรีสวัสดิ์,hospital,99.1296494,14.4426597
7856667668,โรงพยาบาลลาดหลุมแก้ว,hospital,100.4162407,14.0372277
7856667648,โรงพยาบาลพระราม 2,hospital,100.4220718,13.6517497
7856667427,โรงพยาบาลท่ายาง,hospital,99.8910588,12.9666185
7856667727,โรงพยาบาลลาดบัวหลวง,hospital,100.2995109,14.1658088
7856667675,โรงพยาบาลหลวงพ่อทวีศักดิ์,hospital,100.3453177,13.6563448
7856667785,โรงพยาบาลเซ็นทรัลนิคมลำพูน,hospital,99.0435076,18.5878587
7856667778,โรงพยาบาลสบปราบ,hospital,99.3404174,17.8796458
7856632098,โรงพยาบาลห้วยพลู,hospital,100.2117866,13.8710592
7856632099,โรงพยาบาลเมตตาประชารักษ์,hospital,100.2560109,13.7390047
7856667780,โรงพยาบาลลี้,hospital,98.9487773,17.8040197
7856667481,โรงพยาบาลสมุทรปราการ,hospital,100.5977082,13.5844603
7856667790,โรงพยาบาลพญาเม็งราย,hospital,100.1458579,19.8505393
7856667684,โรงพยาบาลปากท่อ,hospital,99.8402873,13.3728569
7856667708,โรงพยาบาลไชโย,hospital,100.4439103,14.7026669
7856667786,โรงพยาบาลหมอวงศ์,hospital,99.0127078,18.7842085
7856667787,โรงพยาบาลกองบิน 41,hospital,98.9721823,18.7781291
7856667792,โรงพยาบาลแม่ฟ้าหลวง,hospital,99.651103,20.249691
7856667779,โรงพยาบาลเถิน,hospital,99.2403334,17.6371104
7856667731,โรงพยาบาลลานสัก,hospital,99.5491469,15.4613324
7856667762,โรงพยาบาลแพร่พร้อมมิตร,hospital,100.1503587,18.1419266
7856667642,โรงพยาบาลพระประแดง,hospital,100.5375946,13.6526802
7856667645,โรงพยาบาลรามาสุขสวัสดิ์,hospital,100.4985952,13.677492
7856667743,โรงพยาบาลทุ่งโพธิ์ทะเล,hospital,99.6869802,16.4896291
7856667425,โรงพยาบาลธนบุรี-คีรีขันธ์,hospital,99.7742808,11.7946321
7856667704,โรงพยาบาลบ้านแพรก,hospital,100.5879235,14.6541154
7856667726,โรงพยาบาลบางซ้าย,hospital,100.2976441,14.3171159
7856667634,โรงพยาบาลราชานุกูล,hospital,100.5541974,13.7620932
7856667700,โรงพยาบาลวัดสระแก้ว,hospital,100.4641664,14.4587425
7856667718,โรงพยาบาลสามชุก,hospital,100.0752783,14.7538014
7856667716,โรงพยาบาลบางระจัน,hospital,100.2744591,14.9219372
7856667701,โรงพยาบาลป่าโมก,hospital,100.4440391,14.4969293
7856667773,โรงพยาบาลงาว,hospital,99.9820715,18.7557704
7856667643,โรงพยาบาลราษฎร์บูรณะ,hospital,100.5025864,13.678055
7856667717,โรงพยาบาลสามชุกเศรษฐกร,hospital,100.086447,14.7619975
7856667422,โรงพยาบาลปะทิว,hospital,99.3181979,10.7081351
7856667680,โรงพยาบาลกระทุ่มแบน,hospital,100.2549541,13.6545464
7856667423,โรงพยาบาลมาบอำมฤต,hospital,99.3371021,10.8654441
7856667672,โรงพยาบาลนิติจิตเวช,hospital,100.3323036,13.762015
7856667686,โรงพยาบาลดำเนินสะดวก,hospital,99.9660802,13.5361497
7856632104,โรงพยาบาลพรหมบุรี,hospital,100.4584506,14.7485255
7856667791,โรงพยาบาลแม่อาย,hospital,99.302212,20.0389334
7856667430,โรงพยาบาลวัชรเวช,hospital,99.9425733,13.1071862
7856667753,โรงพยาบาลบ้านตาก,hospital,99.0723252,17.0562103
7856667765,โรงพยาบาลร้องกวาง,hospital,100.2910995,18.3063837
7856667767,โรงพยาบาลค่ายสุรศักดิ์มนตรี,hospital,99.5192993,18.2947409
7856667755,โรงพยาบาลศรีสัชนาลัย,hospital,99.7571897,17.5168197
7856667647,โรงพยาบาลมิตรภาพ,hospital,100.4945505,13.7284992
7856667720,โรงพยาบาลดอนเจดีย์,hospital,100.0200462,14.6345174
7856667741,โรงพยาบาลไทรงาม,hospital,99.8843694,16.4770367
7856667756,โรงพยาบาลลับแล,hospital,100.0508112,17.6501769
7856667705,โรงพยาบาลอ่างทองเวชชการ 2,hospital,100.4421186,14.590374
7856667707,โรงพยาบาลวิเศษชัยชาญ,hospital,100.3468198,14.5924687
7856667685,โรงพยาบาลวัดเพลง,hospital,99.8852277,13.4560432
7856667699,โรงพยาบาลนครหลวง,hospital,100.6059372,14.4635734
7856667723,โรงพยาบาลศุภมิตร,hospital,100.1235555,14.4717034
7856667692,โรงพยาบาลซานคามิลโล,hospital,99.8792142,13.81042
7856667677,โรงพยาบาลมหาชัย,hospital,100.2719754,13.5568018
7856667775,โรงพยาบาลเกาะคา,hospital,99.4065177,18.1992668
7856667683,โรงพยาบาลแม่กลอง 2,hospital,99.991293,13.384988
7856667424,โรงพยาบาลบางสะพานน้อย,hospital,99.4147521,11.0689182
7856667738,โรงพยาบาลสมเด็จพระยุพราชตะพานหิน,hospital,100.4392648,16.2162199
7856667696,โรงพยาบาลกรุงเทพคริสเตียนนครปฐม,hospital,100.0652924,13.8241384
1287571763,โรงพยาบาลจอมทอง,hospital,98.6742731,18.4065761
1402295031,โรงพยาบาลสุขศรีสวัสด์ิ,hospital,99.1136322,14.5955323
2430814131,โรงพยาบาลสวนผึ้ง,hospital,99.4394863,13.5445489
4963221121,โรงพยาบาลปราณบุรี,hospital,99.9328534,12.3845063
2391364878,โรงพยาบาลเดชา,hospital,100.5355632,13.7568871
1034233555,โรงพยาบาลกาญจนบุรีเมมโมเรียล,hospital,99.4980117,14.0563493
2112296382,โรงพยาบาลสิงห์บุรี,hospital,100.3974611,14.89687
4995170822,โรงพยาบาลศรีสังวร สุโขทัย,hospital,99.8648261,17.1666417
947862089,เลาขวัญ,hospital,99.7701201,14.5842797
947862104,โรงพยาบาลค่ายสุรสีห์,hospital,99.4256476,14.1050583
943259842,โรงพยาบาลสว่างอารมณ์,hospital,99.8622885,15.5772798
1034233680,โรงพยาบาลแสงชูโต,hospital,99.531908,14.0250771
4447552489,โรงพยาบาลสบเมย,hospital,97.9315006,17.9636973
6002648286,โรงพยาบาลเชียง รายอินเดอร์,hospital,99.8311234,19.8950679
5677576122,โรงพยาบาลแม่ลาน้อย,hospital,97.9430603,18.3799462
4740859121,รพ.ตา หู คอ จมูก,hospital,100.4704126,13.7878138
4851138630,อายุรกรรมหญิง,hospital,98.9671544,18.8527458
3724097433,Samphran Hospital,hospital,100.2133854,13.7443109
4634580490,,hospital,98.9749946,18.7894274
6225656085,,hospital,99.1723869,10.4968895
5616138226,,hospital,100.551553,13.8445953
5416625723,,hospital,98.9196989,18.7351593
4866262621,,hospital,100.5947191,13.7428473
4547958089,,hospital,100.4106481,14.6509369
7745889986,,hospital,100.2975798,19.911481
2022136579,,hospital,99.586951,17.0131913
1669899707,โรงพยาบาลสนามจันทร์,hospital,100.0391289,13.805757
7502764096,,hospital,100.3345993,14.9887427
8567210583,,hospital,98.8898552,18.4373307
6310491264,,hospital,98.9853388,14.6390945
8238022070,สำนักงานสาธารณสุขเด่นชัย,hospital,100.0484475,17.9818179
8244996949,โรงพยาบาลส่งเสริมสุขภาพตำบลบึงพระ,hospital,100.2688479,16.745616
8236877996,สถานีอนามัยวงฆ้อง,hospital,100.1650468,17.1055229
8238022064,รพ.ยุพราชเด่นชัย,hospital,100.0549475,17.9826605
7085692216,สถานพยาบาล,hospital,100.5683091,13.8467373
6903140148,โรงพยาบาลจิตเวชนครสวรรค์ราชนครินทร์,hospital,100.1463019,15.4239988
8711721902,ศูนย์แพทยศาสตรศึกษาชั้นคลินิก รพ.ราชบุรี,hospital,99.8152349,13.5297481
8711721903,ตึกศรีนครินทร,hospital,99.8170916,13.5305348
6900224387,โรงพยาบาลพยุหะคีรี,hospital,100.1391466,15.4779789
5311406721,Dansingkhon Primary Health Care Unit,hospital,99.6800285,11.77861
6899984399,กู้ภัยพยุหะ,hospital,100.1386472,15.4597413
5261686348,โรงพยาบาลส้ตว์ M. A. H.,hospital,100.517669,13.6632862
6490257032,รพ.อุ้มผาง,hospital,98.866418,16.0172937
6494112674,มาลาเรียคลินิกบ้านแพะ ม.12 ต.แม่ตื่น,hospital,98.6033219,17.1434051
6493571002,สสช.บ้านกุยต๊ะ,hospital,98.6600159,15.7896557
6490251057,MCบ้านหนองหลวง,hospital,98.7623352,16.0787873
6496772140,สสช.บ้านกิ่วห้าง,hospital,98.8748476,15.9848447
7117508129,โรงพยาบาลพุทธมณฑล,hospital,100.2887262,13.79833
8153182388,รพ.สต.บ้านวังเตย,hospital,99.6997968,15.4482466
9069553663,โรงพยาบาลราชวิถี 2 (รังสิต),hospital,100.6190406,13.9752354
8917477985,โรงพยาบาลหนองปรือ,hospital,99.4759658,14.5823925
6899632620,พรศักดิ์เภสัช,hospital,100.1421227,15.4594779
6487545828,MPบ้านอู่่หู่,hospital,98.2803758,17.2045294
2268777745,โรงพยาบาลพะวอ,hospital,98.5641727,16.7110445
4633874083,สาธารณสุขอำเภอปางมะผ้า,hospital,98.2598882,19.5190932
7511402300,ศูนย์สุขภาพชุมชนตำบลสัตหีบ,hospital,100.8989797,12.6621848
4744307341,โรงพยาบาลบางโพ,hospital,100.5228894,13.8069296
7165705587,ศูนย์บริการเครื่องช่วยฟังอินทิเม็กซ์,hospital,100.5385011,13.7946243
8441986661,ศศิรักษ์คลินิกเวชกรรม,hospital,100.3880494,13.7093097
4335094606,โรงพยาบาลบางมด,hospital,100.4564932,13.6717413
7907440564,Kasetmahachai animal hospital,hospital,100.2957559,13.523729
6895009802,คลินิกทันตกรรมหมอก้อง,hospital,99.9048818,19.1681317
7662726070,โรงพยาบาลบางนากรุงเทพมหานคร,hospital,100.5926741,13.6797164
8260877615,จิรเวชชาญไชย คลินิกการแพทย์แผนไทย,hospital,100.5227527,13.8659085
7051270196,mandarin clinic rama 2,hospital,100.4836161,13.6880969
8913340870,ศูนย์เวชศาสตรฟื้นฟูหลอดเลือดสมอง The Senizens Stroke Rehab Center คืออะไร,hospital,100.4446155,13.7383688
4061193833,Meko Clinic CentralPlaza Rama 2 เมโกะ สาขา เซนทรัลพระราม 2,hospital,100.4375344,13.6630939
4646198990,Bangkok cancer specialist center,hospital,100.5426413,13.7789557
5124229621,โรงพยาบาลสุโขทัย,hospital,99.7960376,17.010782
5611498325,คลินิกตจแพทย์,hospital,100.6074091,13.7896637
4413247389,,hospital,100.4424061,13.6620403
1636257541,โรงพยาบาลทัพทัน,hospital,99.8874359,15.4573779
4890988622,,hospital,100.2792635,13.5510326
4969552121,สถานพยาบาลแพทย์แผนจีน มหาวิทยาลัยราชภัฏจันทรเกษม,hospital,100.5756447,13.8189754
5218941221,ศูนย์การแพทย์กาญจนาภิเษก คณะแพทยศาสตร์ศิริราชพยาบาล มหาวิทยาลัยมหิดล,hospital,100.3212198,13.7864793
5614471421,วชิระ,hospital,100.5081762,13.7806023
4331574689,ผู้สูงอายุบางขุนเทียน,hospital,100.4226796,13.5728824
3616874754,,hospital,99.821831,17.0086991
2625725866,,hospital,98.9990011,18.8275595
2640939247,,hospital,99.7961588,11.801531
2147430789,สถานพยาบาลการแพทย์แผนไทย,hospital,99.7977342,20.1186155
4099506382,Chumpgon Hospital,hospital,99.1860501,10.497562
7688192274,โรงพยาบาลหมอสงวน,hospital,99.9672656,13.5274072
7688192227,โรงพยาบาลแพทย์ปัญญา,hospital,100.6074137,13.7438623
7688192009,โรงพยาบาลรัชดา-ท่าพระ,hospital,100.4774705,13.7171235
6631591498,โรงพยาบาลพาน,hospital,99.7438302,19.5214347
4733305822,โรงพยาบาลขุนยวม,hospital,97.9362629,18.8305945
7856667774,โรงพยาบาลเขลางค์นคร-ราม,hospital,99.4857215,18.2813712
7856667721,โรงพยาบาลพรชัย,hospital,100.1232422,14.4664917
1402295027,โรงพยาขาลหนองบัว,hospital,100.5934174,15.867519
1741228095,โรงพยาบาลเกษมราษฎร์ ศรีบุรินทร์,hospital,99.835561,19.8779262
1628665634,โรงพยาบาลนครพิงค์เชียงใหม่,hospital,98.968128,18.8513777
2530349498,สถานพยาบาลโรคเด็กและเวชกรรมทั่วไป,hospital,98.9808889,18.8036029
2406160243,โรงพยาบาลนภาลัย,hospital,99.9433279,13.4665691
2337474930,โรงพยาบาลแม่ลาว,hospital,99.7386588,19.7659397
2423444737,โรงพยาบาลขุนตาล,hospital,100.2983165,19.9118906
5677508637,โรงพยาบาล,hospital,97.9398725,18.1623931
1473041820,โรงพยาบาลพิชัย,hospital,100.073646,17.3086477
3136767740,โรงพยาบาลธัญญารักษ์เชียงใหม่,hospital,98.9402202,19.0171009
2182981236,โรงพยาบาล​เทพธารินทร์,hospital,100.5770853,13.7144385
1439413117,โรงพยาบาลสันทราย,hospital,98.9922951,18.9200971
4540640943,หอผู้ป่วยจิตเวช 1,hospital,98.9774177,18.7898427
2683085080,Rongphayaban Kui Buri ca. 15 m โรงพยาบาลกุยบุรี,hospital,99.8537172,12.0416649
5895991085,,hospital,100.8851348,12.9268231
2172883127,Mueang Pan District Hospital,hospital,99.4956855,18.7721619
2185742149,โรงพยาบาลศรีสวรรค์,hospital,100.1309499,15.7060186
2185742162,โรงพยาบาลปากน้ำโพ,hospital,100.1231393,15.696222
2436179806,โรงพยาบาลสามร้อยยอด,hospital,99.8585068,12.2094831
1669899706,โรงพยาบาลศูนย์นครปฐม,hospital,100.0752367,13.8190156
2068143976,S-Smart Clinic,hospital,100.6110973,13.8345164
1797189361,,hospital,100.5396756,13.792343
7856667674,โรงพยาบาลวิชัยเวช อินเตอร์เนชั่นแนล หนองแขม,hospital,100.3608638,13.7076276
6490115724,MCบ้านกล้อทอ,hospital,98.6527208,16.0357377
8711721904,อุบัติเหตุ-ฉุกเฉิน ER,hospital,99.8155985,13.5305358
7856667691,โรงพยาบาลโพธาราม,hospital,99.8522258,13.6941395
4999107124,โรงพยาบาล เปาโล เมโมเรี่ยล,hospital,100.6146528,13.5983927
4312157943,โรงพยาบาลค่ายธนะรัชต์,hospital,99.9226192,12.4100882
7856667722,Chao Phraya Yommarat Hospital,hospital,100.1160664,14.4663693
5258923876,Mahesak Hospital,hospital,100.5195673,13.7253
6180302085,,hospital,100.5709804,13.7316784
1645930798,ศูนย์การแพทย์ปัญญานันทภิกขุ ชลประทาน มหาวิทยาลัยศรีนครินทรวิโรฒ,hospital,100.5041093,13.8980163
943216577,โรงพยาบาลชัยนาท,hospital,100.127383,15.1913953
6770984091,Ibaby Fertility & Genetic Center,hospital,100.5487939,13.7413564
7051270195,Mandarin Clinic Rama 4,hospital,100.5746292,13.7159788
4061129358,Meko Clinic Thonglor เมโกะ สาขา ทองหล่อ,hospital,100.5807031,13.7275177
6557588675,Anonymous MedConsult Clinic,hospital,100.5759328,13.7366322
7194925090,Baan dol sook (Elderly care home),hospital,98.99386,18.8238113
1096327937,โรงพยาบาลพระสมุทรเจดีย์วาทยานนท์,hospital,100.5781403,13.5927735
6384784351,โรงพยาบาลมหาวิทยาลัยนเรศวร,hospital,100.1893614,16.7485505
9103384479,MedPark Hospital,hospital,100.5563574,13.7219139
2430406396,อะเบาท์ทูธเดนทัลคลินิก,hospital,100.4971839,13.7613044
5240778121,,hospital,100.6060256,13.8889032
1628665577,โรงพยาบาลเซ็นทรัลเชียงใหม่เมโมเรียล,hospital,98.9984639,18.7730014
2685562362,โรงพยาบาลหางดง,hospital,98.9183624,18.6830741
1038762165,โรงพยาบาลท่าม่วง,hospital,99.6311314,13.9759163
2178385466,โรงพยาบาลพร้าว,hospital,99.2000517,19.3675861
3339986693,โรงพยาบาลดารารัศมี,hospital,98.9434005,18.9106402
2685457463,โรงพยาบาล สันป่าตอง,hospital,98.8850241,18.5953558
2068143965,Kudos By Tarakorn,hospital,100.6110893,13.8343093
2532018377,,hospital,98.4376553,19.3615363
2185742157,โรงพยาบาลสวรรค์ประชารักษ์,hospital,100.1384386,15.7069998
1641925571,Chae Hom Hospital,hospital,99.5547508,18.7075423
2068143969,Pruksa Clinic,hospital,100.6110584,13.834407
2068143964,Prodenta Dental Clinic,hospital,100.6110973,13.8343627
4229487689,โรงพยาบาลแวนแซนต์วูร์ด,hospital,99.4932726,18.2920375
4339142990,โรงพยาบาลสมเด็จเจ้าพระยา,hospital,100.5048485,13.7305814
7856667656,สถาบันธัญญารักษ์,hospital,100.6188762,13.9780116
1648675298,สถาบันบำราศนราดูร,hospital,100.5224289,13.8535704
2618253462,อมก๋อย คลินิค,hospital,98.3578901,17.7984967
2081757592,เอสซีจี อาคาร11 สถานพยาบาล,hospital,100.5376925,13.8057529
3057125948,โรงพยาบาลพระราม 2,hospital,100.422095,13.6517376
5565954922,HE Clinic for men,hospital,100.5802013,13.7261339
5738615822,Siriluck Clinic,hospital,100.8979648,12.9328401
4526221791,รวมแพทย์ พิษณุโลก,hospital,100.2596553,16.8097268
2783299971,ศูนย์ตรวจธาลัสซีเมียภาคเหนือ,hospital,98.9809339,18.8033444
5265397323,Health Care Medical Clinic,hospital,98.9685216,18.756464
3314263108,โรงพยาบาลค่ายเขตอุดมศักดิ์,hospital,99.1057077,10.5119427
1039996475,โรงพยาบาล พหลพลพยุหเสนา,hospital,99.5465344,14.0057502
369748110,โรงพยาบาลขะอำ,hospital,99.9796308,12.8086056
2440347102,โรงพยาบาลเมโย,hospital,100.5738973,13.8354411
2640776568,,hospital,99.6009229,11.4872547
3090738848,AIT Medical Clinic,hospital,100.6144737,14.07858
1648675260,โรงพยาบาลศรีธัญญา,hospital,100.5172204,13.8452316
340033055,โรงพยาบาลธนบุรี,hospital,100.480116,13.7529428
725689588,โรงพยาบาลประสาทเชียงใหม่,hospital,98.9696221,18.7896967
1765527348,โรงพยาบาลบางสะพาน,hospital,99.49675,11.2241874
1642333523,โรงพยาบาล เชียงใหม่เมดิคอลเซ็นเตอร์,hospital,98.988318,18.7804177
1402895609,โรงพยาบาลมงกุฎวัฒนะ,hospital,100.5616676,13.8939018
2112412385,charisma,hospital,100.5742113,13.7280179
1642379802,โรงพยาบาลปางมะผ้า,hospital,98.2424947,19.5244256
4540691490,อินเตอร์เวชการ,hospital,100.2550784,16.8057099
4270497798,โรงพยาบาลบางกรวย,hospital,100.4722226,13.8050132
301609280,โรงพยาบาลแม่สอด,hospital,98.5725201,16.7102522
1868772257,รพ.ภูมิพลอดุลยเดช พอ,hospital,100.6181733,13.9090183
3040931236,โรงพยาบาลนครธน,hospital,100.4343189,13.6606056
6559871434,โรงพยาบาลฟัน กรุงเทพ อินเตอร์เนชั่นแนล,hospital,100.5514221,13.7384692
3364528415,,hospital,100.7062821,13.6040462
2774436442,,hospital,103.9231956,17.7196925
3008454323,,hospital,102.0181612,14.9624689
6275678385,,hospital,101.1048556,13.6629934
6637238589,,hospital,104.9616374,15.2302564
6054061995,,hospital,102.7863517,17.4161298
4057901612,,hospital,104.2011906,16.310414
4087161435,,hospital,103.6168985,15.9364295
4843989869,,hospital,103.0266879,15.544215
6232850407,,hospital,103.6491662,18.3604698
4071679452,,hospital,104.0368165,16.2569357
6135406078,,hospital,105.2763374,15.4991408
4131467368,,hospital,104.3432637,16.4839275
5251192354,,hospital,103.9884158,15.6076462
4093456562,,hospital,104.140245,16.1410033
4170411182,,hospital,104.1536634,16.3927871
4189885801,,hospital,104.0544167,16.3686406
4081300685,,hospital,104.0743729,16.1948874
4483991424,,hospital,100.9627547,13.542498
4080248078,,hospital,104.0903696,16.2375656
5159102791,,hospital,103.342184,15.6327258
3392352271,,hospital,102.7922787,17.4348063
3418085941,,hospital,102.0746049,15.1873447
6203665706,,hospital,102.4328451,17.8475933
2547046568,,hospital,100.7530858,19.2361806
3599761095,Mae Charim Hospital,hospital,101.0078871,18.7025666
6232798044,Khu Muang Hospital,hospital,103.0029004,15.2722803
2594089759,At Samat Hospital,hospital,103.8748581,15.846787
4311420004,Chaturaphak Phiman Hospital,hospital,103.5707956,15.8510254
6285001085,Nangrong hospital,hospital,102.7874979,14.634393
2593229823,Si Somdet Hospital,hospital,103.4851331,16.0016573
7128975381,Klaeng Hospital,hospital,101.6704213,12.7854415
4718776490,Chumphon Buri Hospital,hospital,103.400983,15.3481424
4885436950,Nong Bunmak Hospital,hospital,102.3681705,14.7401016
7128750087,Kaeng Hang Maeo Hospital,hospital,101.8957241,12.9947963
4190963824,โรงพยาบาล วิภาราม อมตะนคร,hospital,101.0030811,13.4210941
6156414098,โรงพยาบาลหนองแค,hospital,100.8697942,14.3513304
7856667653,สถาบันผู้ป่วยโรคมะเร็งธัญบุรี,hospital,100.8366501,14.0664528
7856667732,โรงพยาบาลวังโป่ง,hospital,100.7896954,16.3502442
4299719292,นพรัตราชธานี,hospital,100.6879143,13.8170195
2605403106,Phon Charoen Hospital,hospital,103.7083071,18.0082501
2706008578,Sanom Hospital,hospital,103.7553428,15.2106871
4708381581,Phon Sai Hospital,hospital,103.9968901,15.4899381
7473457979,Soi Dao Hospital,hospital,102.2060116,13.1324709
6169966348,Bangkok Hospital,hospital,101.4313962,14.718055
5047727520,โรงพยาบาลรวมชัยประชาราษ,hospital,100.8536517,13.583727
900318962,Hospital,hospital,100.7881,18.79505
1658690743,โรงพยาบาลพนัสนิคม,hospital,101.1726897,13.4599569
1642379832,โรงพยาบาลท่าวังผา,hospital,100.8093752,19.0929005
4752744331,ໂຮງຫມໍທ່າບໍ່,hospital,102.5758008,17.8475422
7856667631,โรงพยาบาลปากพลี,hospital,101.2687433,14.1503501
7856667554,โรงพยาบาลบรบือ,hospital,103.1135559,16.0419984
7856667556,โรงพยาบาลกันทรวิชัย,hospital,103.3025658,16.329159
7856667599,โรงพยาบาลศรีเชียงใหม่,hospital,102.5909382,17.9566992
7856667661,โรงพยาบาลปภาเวช,hospital,100.8675492,14.3419444
7856667714,โรงพยาบาลโคกสำโรง,hospital,100.738213,15.0690104
7856667464,โรงพยาบาลบ่อทอง,hospital,101.4198911,13.2824684
7856667605,โรงพยาบาลค่ายศรีสองรัก,hospital,101.7124772,17.6059229
7856667445,โรงพยาบาลเขาคิชฌกูฏ,hospital,102.1160316,12.8074545
7856667471,โรงพยาบาลพานทอง,hospital,101.0984713,13.4690753
7856667712,โรงพยาบาลเบญจรมย์,hospital,100.6307423,14.7906091
7856667467,โรงพยาบาลบ้านบึง,hospital,101.1093557,13.316355
7856667517,โรงพยาบาลลำดวน,hospital,103.654831,14.7388659
7856667575,โรงพยาบาลตงศิริ,hospital,104.143095,17.1518215
7856667596,โรงพยาบาลสร้างคอม,hospital,103.0803608,17.8352443
7856667458,โรงพยาบาลมงกุฏระยอง,hospital,101.1577052,12.7332477
7856667597,โรงพยาบาลเพ็ญ,hospital,102.9096114,17.698764
7856667663,โรงพยาบาลวังน้อย,hospital,100.7002813,14.2244094
7856667558,โรงพยาบาลธวัชบุรี,hospital,103.8385141,16.110854
7856667579,โรงพยาบาลนาทม,hospital,104.0885711,17.7869701
7856667448,โรงพยาบาลศรีมหาโพธิ,hospital,101.5153241,13.9488846
7856667552,โรงพยาบาลนาเชือก,hospital,103.0313944,15.7974878
7856667553,โรงพยาบาลแกดำ,hospital,103.4004771,16.0466899
7856667736,โรงพยาบาลสมเด็จพระยุพราช,hospital,101.2300551,16.8854978
7856667443,โรงพยาบาลสองพี่น้อง,hospital,101.9854188,12.6743021
7856667451,โรงพยาบาลเขาฉกรรจ์,hospital,102.0974815,13.652284
7856667502,โรงพยาบาลโนนดินแดง,hospital,102.7344417,14.3080403
7856667504,โรงพยาบาลปะคำ,hospital,102.7266311,14.4542129
7856667521,โรงพยาบาลสำโรงทาบ,hospital,103.9362108,15.0257379
7856667610,โรงพยาบาลชัยภูมิรวมแพทย์,hospital,102.0375716,15.81577
7856667633,โรงพยาบาลองครักษ์,hospital,101.007362,14.1255108
7856667703,โรงพยาบาลดอนพุด,hospital,100.6259358,14.5856912
7856632105,โรงพยาบาลวังหิน,hospital,104.2293441,14.9484544
7856667455,โรงพยาบาลธนบุรีศรีแกลง,hospital,101.6325527,12.7698097
7856667490,โรงพยาบาลอิมพีเรียล,hospital,101.3723946,14.0595632
7856667600,โรงพยาบาลสังคม,hospital,102.2809982,18.0554883
7856667561,โรงพยาบาลป่าติ้ว,hospital,104.3833887,15.8324714
7856667497,โรงพยาบาลเฉลิมพระเกียรติสมเด็จย่า 1,hospital,102.9104054,15.4224792
7856667759,โรงพยาบาลนาหมื่น,hospital,100.6630361,18.2117924
7856667541,โรงพยาบาลตระการพืชผล,hospital,105.0188362,15.6095422
7856667569,โรงพยาบาลนามน,hospital,103.7868225,16.5767658
7856667664,โรงพยาบาลโรจนเวช,hospital,100.6553382,14.299978
7856667603,โรงพยาบาลสุวรรณคูหา,hospital,102.2810143,17.565857
7856667442,โรงพยาบาลท่าใหม่,hospital,102.0088506,12.6197663
7856667487,โรงพยาบาลบ้านโพธิ์,hospital,101.0869753,13.6011196
7856667588,โรงพยาบาลหมอไพโรจน์,hospital,102.7915755,17.4158776
7856667606,โรงพยาบาลวังสะพุง,hospital,101.7560577,17.2821567
7856667623,โรงพยาบาลพัฒนานิคม,hospital,100.9851264,14.8554328
7856667447,โรงพยาบาลคริสเตียนบางคล้า,hospital,101.2078786,13.7207918
7856667557,โรงพยาบาลโพธิ์ชัย,hospital,103.7680256,16.3241242
7856667576,โรงพยาบาลรักษ์สกล,hospital,104.1369474,17.1625804
7856667622,โรงพยาบาลวังม่วง,hospital,101.1207068,14.8418058
7856667463,โรงพยาบาลหนองใหญ่,hospital,101.3636827,13.1571342
7856667491,โรงพยาบาลค่ายจักรพงษ์,hospital,101.3723946,14.0738053
7856667438,โรงพยาบาลมะขาม,hospital,102.1992981,12.6870301
7856667484,โรงพยาบาลสนามชัยเขต,hospital,101.4410966,13.6459868
7856667439,โรงพยาบาลขลุง,hospital,102.225852,12.4613851
7856667733,โรงพยาบาลค่ายพ่อขุนผาเมือง,hospital,101.1257064,16.3886509
7856667582,โรงพยาบาลคำม่วง,hospital,103.6332929,16.9211287
7856667454,โรงพยาบาลนายายอาม,hospital,101.8536794,12.7709554
7856667567,โรงพยาบาลหนองกุงศรี,hospital,103.2965683,16.6498635
7856667580,โรงพยาบาลบ้านแพง,hospital,104.2079079,17.9580056
7856667436,โรงพยาบาลเขาสมิง,hospital,102.3952174,12.3675182
7856667540,โรงพยาบาลม่วงสามสิบ,hospital,104.7312283,15.5122845
7856667629,โรงพยาบาลท่าเรือ,hospital,100.7235092,14.5659885
7856667501,โรงพยาบาลหนองบุญมาก,hospital,102.3680787,14.7397998
7856667574,โรงพยาบาลสมเด็จพระยุพราชธาตุพนม,hospital,104.7120344,16.9378178
7856667449,โรงพยาบาลศรีมโหสถ,hospital,101.4079016,13.8818134
7856667474,โรงพยาบาลบางนา 2,hospital,100.805043,13.5940702
7856667492,โรงพยาบาลประจันตคาม,hospital,101.5335685,14.0661458
7856667715,โรงพยาบาลสระโบสถ์,hospital,100.8426904,15.1940436
7856667536,โรงพยาบาลสำโรง,hospital,104.7744334,15.027603
7856667547,โรงพยาบาลเมืองสรวง,hospital,103.7185979,15.8245441
7856667587,โรงพยาบาลชัยเกษมการแพทย์,hospital,102.8096294,17.3947754
7856667535,โรงพยาบาลสมเด็จพระยุพราช,hospital,105.061242,14.9161626
7856667562,โรงพยาบาลไทยเจริญ,hospital,104.4332885,16.069259
7856667444,โรงพยาบาลเขาสุกิม,hospital,102.0333767,12.76993
7856667485,โรงพยาบาลแปลงยาว,hospital,101.2816179,13.5824215
7856667493,โรงพยาบาลนาดี,hospital,101.7776602,14.0987698
7856667510,โรงพยาบาลกระสัง,hospital,103.3002483,14.9218336
7856667525,โรงพยาบาลไพรบึง,hospital,104.3596887,14.7449823
7856667506,โรงพยาบาลหนองหงส์,hospital,102.6902497,14.8497705
7856667570,โรงพยาบาลสมเด็จ,hospital,103.7526297,16.7101404
7856667509,โรงพยาบาลเฉลิมพระเกียรติ,hospital,102.9275876,14.5561806
7856667516,โรงพยาบาลสังขะ,hospital,103.8479071,14.6356489
7856667527,โรงพยาบาลอุทุมพรพิสัย,hospital,104.1379881,15.1120359
7856667549,โรงพยาบาลกรุงเทพ-จุรีเวช,hospital,103.6725283,16.0526701
7856667437,โรงพยาบาลบ่อไร่,hospital,102.5398743,12.5695804
7856667511,โรงพยาบาลห้วยราช,hospital,103.1925309,14.9732478
7856667591,โรงพยาบาลศรีบุญเรือง,hospital,102.2817063,16.9658246
7856667590,โรงพยาบาลรัตนแพทย์,hospital,102.7686775,17.4074345
7856667572,โรงพยาบาลหว้านใหญ่,hospital,104.7132682,16.727927
7856667636,โรงพยาบาลฮั้วยันฮัม,hospital,100.6360182,13.8141759
7856667735,โรงพยาบาลท่าอิบุญ,hospital,101.325885,16.8681265
7775741287,รพ.ค้อวัง,hospital,104.3613395,15.3662002
7856667586,โรงพยาบาลห้วยเกิ้ง,hospital,102.9320991,17.0388137
7856667456,โรงพยาบาลวังจันทร์,hospital,101.5290087,12.9390046
7856667604,โรงพยาบาลปากชม,hospital,101.8816709,18.0243945
7856667571,โรงพยาบาลห้วยผึ้ง,hospital,103.9106655,16.6567606
7856667602,โรงพยาบาลน้ำโสม,hospital,102.192142,17.7728613
7856667608,โรงพยาบาลน้ำหนาว,hospital,101.6745185,16.7653031
7856667470,โรงพยาบาลค่ายนวมินทราชินี,hospital,100.9909254,13.3869216
7856667566,โรงพยาบาลห้วยเม็ก,hospital,103.2292664,16.5960041
7856667507,โรงพยาบาลชำนิ,hospital,102.8186309,14.7913041
7856667538,โรงพยาบาลกองบิน 21,hospital,104.8649633,15.2566437
7856667609,โรงพยาบาลภูเขียว,hospital,102.1303868,16.3750123
7856667611,โรงพยาบาลบ้านเขว้า,hospital,101.9082463,15.7835194
7856667632,โรงพยาบาลนครนายก,hospital,101.2134039,14.2082266
7856667713,โรงพยาบาลเพชรพระงาม,hospital,100.6215477,14.8947116
7856632101,โรงพยาบาลลาดกระบัง,hospital,100.7848808,13.7222822
7856667519,โรงพยาบาลจอมพระ,hospital,103.6118352,15.1153711
7856667563,โรงพยาบาลเสนางคนิคม,hospital,104.6686578,16.0443493
7856667498,โรงพยาบาลประทาย,hospital,102.7168786,15.5344169
7856667520,โรงพยาบาลศีขรภูมิ,hospital,103.8057697,14.9418202
7856667522,โรงพยาบาลภูสิงห์,hospital,104.1319692,14.5527641
7856667533,โรงพยาบาลบุณฑริก,hospital,105.4105031,14.7568309
7856667544,โรงพยาบาลหัวตะพาน,hospital,104.4924044,15.6957541
7856667665,โรงพยาบาลอุทัย,hospital,100.6454515,14.361454
7856667565,โรงพยาบาลคำชะอี,hospital,104.4128823,16.5590989
7856667546,โรงพยาบาลสุวรรณภูมิ,hospital,103.8024759,15.6085451
7856667628,โรงพยาบาลหนองแซง,hospital,100.7883596,14.4988406
7856667500,โรงพยาบาลห้วยแถลง,hospital,102.6507327,14.9982638
7856667539,โรงพยาบาลพญาไทอุบล,hospital,104.848398,15.2563176
7856667589,โรงพยาบาลหมอสุขุม,hospital,102.78763,17.4116778
7856667592,โรงพยาบาลผาขาว,hospital,102.044202,17.0706105
7856667594,โรงพยาบาลกุดจับ,hospital,102.5583279,17.4092516
7856667652,โรงพยาบาลลำลูกกา,hospital,100.857684,13.9569333
7856667543,โรงพยาบาลพนา,hospital,104.8615622,15.6701888
7856667630,โรงพยาบาลโรงเรียนนายร้อยพระจุลจอมเกล้า,hospital,101.1712932,14.2864051
7856667662,โรงพยาบาลภาชี,hospital,100.7380628,14.4443533
7856667450,โรงพยาบาลราชสาส์น,hospital,101.3049906,13.816942
7856667534,โรงพยาบาลทุ่งศรีอุดม,hospital,104.910711,14.7258802
7856667440,โรงพยาบาลแหลมสิงห์,hospital,102.1390879,12.4683202
7856667469,โรงพยาบาลชลเวช,hospital,100.9860921,13.3628467
7856667617,โรงพยาบาลปากช่องปางแก,hospital,101.3995063,14.6805357
7856667499,โรงพยาบาลบ้านใหม่ไชยพจน์,hospital,102.8254437,15.5652238
7856667573,โรงพยาบาลดงหลวง,hospital,104.5304811,16.8003814
7856667585,โรงพยาบาลพิบูลย์รักษ์,hospital,103.0531901,17.5515569
7856667598,โรงพยาบาลสระใคร,hospital,102.7527344,17.6740223
7856667654,โรงพยาบาลธัญบุรี,hospital,100.7297373,14.0191059
7856667465,โรงพยาบาลปลวกแดง,hospital,101.2193048,12.9697133
7856667545,โรงพยาบาลพนมไพร,hospital,104.1093957,15.6790001
7856667441,โรงพยาบาลแผนไทย,hospital,102.1196392,12.5516417
7856667514,โรงพยาบาลปราสาท,hospital,103.4109378,14.6320312
7856667495,โรงพยาบาลครบุรี,hospital,102.2468376,14.5279227
7856667537,โรงพยาบาลวารินชำราบ,hospital,104.8387232,15.1935129
7856667614,โรงพยาบาลจิตเวชนครราชสีมา,hospital,102.1050614,14.9843636
7856667619,โรงพยาบาลสีคิ้ว,hospital,101.7222404,14.8722941
7856667460,โรงพยาบาลบ้านฉาง,hospital,101.0428315,12.7259953
7856667531,โรงพยาบาลน้ำยืน,hospital,104.9852443,14.478969
7856667548,โรงพยาบาลร้อยเอ็ด-ธนบุรี,hospital,103.6441827,16.0417355
7856667555,โรงพยาบาลโกสุมพิสัย,hospital,103.0672931,16.2411697
7856667560,โรงพยาบาลยโสธร,hospital,104.1614735,15.781914
7856667577,โรงพยาบาลนาหว้า,hospital,104.0959093,17.4914344
7856667601,โรงพยาบาลนายูง,hospital,102.1711993,17.9139504
7856667446,โรงพยาบาลบางคล้า,hospital,101.2195998,13.7457945
7856667496,โรงพยาบาลโชคชัย,hospital,102.1568656,14.7337765
7856667559,โรงพยาบาลเสลภูมิ,hospital,103.9415645,16.0304394
7856667659,โรงพยาบาลหนองเสือ,hospital,100.8251917,14.1414759
7856667607,โรงพยาบาลจิตเวชเลย,hospital,101.7105031,17.4585942
7856667612,โรงพยาบาลพระทองคำเฉลิมพระเกียรติ 80 พรรษา,hospital,101.9846248,15.2983633
7856667473,โรงพยาบาลบางบ่อ,hospital,100.8358133,13.5695885
7856667620,โรงพยาบาลด่านขุนทด,hospital,101.7667651,15.2108161
7856667494,โรงพยาบาลวังน้ำเขียว,hospital,101.8632053,14.4175163
7856667505,โรงพยาบาลโนนสุวรรณ,hospital,102.600621,14.556191
7856667564,โรงพยาบาลนิคมคำสร้อย,hospital,104.5464992,16.3761446
7856667457,โรงพยาบาลบำรุงราษฎร์ระยอง,hospital,101.204963,12.6927319
7856667529,โรงพยาบาลโนนคูณ,hospital,104.6868217,14.9246222
7856667615,โรงพยาบาลสูงเนิน,hospital,101.8293142,14.8785157
7856667625,โรงพยาบาลบ้านหมอ,hospital,100.739243,14.6249357
7856667508,โรงพยาบาลนายแพทย์สุรเชษฐ์,hospital,102.8017598,14.6314602
7856667532,โรงพยาบาลนาจะหลวย,hospital,105.2431548,14.5216703
7856667578,โรงพยาบาลศรีสงคราม,hospital,104.2518747,17.6275298
7856667627,โรงพยาบาลเสาไห้,hospital,100.8499753,14.5483298
7856667459,โรงพยาบาลมาบตาพุด,hospital,101.1264977,12.7183739
7856632103,โรงพยาบาลบ้านนา,hospital,101.0664082,14.2523054
7856667453,โรงพยาบาลท่าตะเกียบ,hospital,101.6946082,13.3844428
7856667635,โรงพยาบาลสินแพทย์,hospital,100.6650317,13.8372518
7856632102,โรงพยาบาลวังน้ำเย็น,hospital,102.1890467,13.4912147
7856667624,โรงพยาบาลหนองโดน,hospital,100.7137513,14.6870793
7856667472,โรงพยาบาลบางปะกง,hospital,101.0022926,13.5023775
7856667518,โรงพยาบาลค่ายวีรวัฒน์โยธิน,hospital,103.4854174,14.8705053
7856667466,โรงพยาบาลปิยะเวชช์ บ่อวิน,hospital,101.1024356,13.062898
7856667595,โรงพยาบาลโพนพิสัย,hospital,103.0869591,18.0492659
7856667512,โรงพยาบาลเอกชนบุรีรัมย์,hospital,103.1121933,15.004588
7856667551,โรงพยาบาลพยัคฆภูมิพิสัย,hospital,103.1950199,15.5166109
7856667435,โรงพยาบาลแหลมงอบ,hospital,102.4050128,12.1767679
7856667621,โรงพยาบาลบำเหน็จณรงค์,hospital,101.6880798,15.439885
7856667655,โรงพยาบาลเอกปทุม,hospital,100.6529349,13.9938724
7856667488,โรงพยาบาลบางน้ำเปรี้ยว,hospital,101.0525143,13.871705
7856667593,โรงพยาบาลหนองบัวลำภู,hospital,102.4572945,17.1984506
7856667658,โรงพยาบาลคลองหลวง,hospital,100.7273447,14.0954556
7856667523,โรงพยาบาลน้ำเกลี้ยง,hospital,104.5108688,14.928375
7856667482,โรงพยาบาลรัทรินทร์,hospital,100.6312788,13.5310229
7856667503,โรงพยาบาลละหานทราย,hospital,102.8591859,14.4085683
7856667526,โรงพยาบาลปรางค์กู่,hospital,104.0385103,14.8651287
7856667568,โรงพยาบาลธีรวัฒน์,hospital,103.5136771,16.4365585
7856667616,โรงพยาบาลปักธงชัย,hospital,102.0323038,14.7443598
7856667760,โรงพยาบาลสันติสุข,hospital,100.9424338,18.9125083
7856667468,โรงพยาบาลแม่และเด็ก,hospital,101.0258639,13.3687339
7856667489,โรงพยาบาลบ้านสร้าง,hospital,101.2194013,13.9950644
7856667542,โรงพยาบาลโพธิ์ไทร,hospital,105.2623915,15.8294574
7856667584,โรงพยาบาลทุ่งฝน,hospital,103.2609915,17.4720522
7856667515,โรงพยาบาลบัวเชด,hospital,103.9417308,14.5263752
7856667583,โรงพยาบาลวังสามหมอ,hospital,103.432095,16.9486352
7856667613,โรงพยาบาลโนนสูง,hospital,102.2481679,15.1677019
7856667618,โรงพยาบาลปากช่องเมโมเรียล,hospital,101.4106321,14.7028329
7856667626,โรงพยาบาลเกษมราษฎร์,hospital,100.9254098,14.5195204
7856667734,โรงพยาบาลหล่มสัก,hospital,101.236943,16.7781539
7856667769,โรงพยาบาลเฉลิมพระเกียรติ,hospital,101.0818148,19.575285
7856667486,โรงพยาบาลพนมสารคาม,hospital,101.3628566,13.7476755
7856667524,โรงพยาบาลศรีรัตนะ,hospital,104.4692302,14.7960654
7856667581,โรงพยาบาลบึงโขงหลง,hospital,104.0438962,17.969579
1325130265,โรงพยาบาลบ้านแท่น,hospital,102.3436237,16.4058982
1388304239,โรงพยาบาลไชยวาน,hospital,103.2311969,17.29563
1350940541,สถานพยาบาลโนนโพธิ์,hospital,102.6054131,17.088278
1313784515,โรงพยาบาลนาด้วง,hospital,101.9737559,17.4769571
1388257525,โรงพยาบาลปลาปาก,hospital,104.5259276,17.1901849
1384419477,โรงพยาขาลภูเวียง,hospital,102.3798834,16.6517898
1382674290,โรงพยาบาลศรีธาตุ,hospital,103.1854407,16.9806451
1388255621,โรงพยาบาลโคกศรีสุพรรณ,hospital,104.2665683,17.0519275
1388255029,โรงพยาบาลเขาวง,hospital,104.0892702,16.7011787
1374797504,โรงพยาบาลอุบลรัตน์,hospital,102.6327386,16.7565741
1365404708,โรงพยาขาลแก้งสนามนาง,hospital,102.26815,15.7409626
1388264913,ไรงพยาบาลนครพนม,hospital,104.7779959,17.4130366
1388303041,โรงพยาขาลท่าคันโท,hospital,103.2435887,16.9273944
1395957939,โรงพยาบาลขามสะแกแสง,hospital,102.1724353,15.3512628
1614907877,ศูนย์บำบัดรักษายาเสพติดอุดรธานี,hospital,102.8804287,17.267074
1001527959,โรงพยาบาลระยอง,hospital,101.2762146,12.6823006
2378730942,โรงพยาบาลหนองวัวซอ,hospital,102.5980394,17.271291
2398240682,คลินิกส่งเสริมสุขภาพ โรงพยาบาลหนองคาย,hospital,102.7571705,17.8874326
4887709927,โรงพยาบาลพิมาย,hospital,102.4951714,15.2313376
1245013628,โรงพยาบาลเกษตรวิสัย,hospital,103.5786924,15.6504516
671958698,โรงพยาขาลวังสามหมอ,hospital,103.4319844,16.9486049
966810388,โรงพยาบาลเนินสง่า,hospital,101.993895,15.5682119
963209459,โรงพยาบาลร่องคำ,hospital,103.7399961,16.2641251
666484678,โรงพยาขาลโนนสัง,hospital,102.5512312,16.8710627
671163606,โรงพยาบาลนาแก,hospital,104.471129,16.954232
966812936,โรงพยาบาลจัตุรัส,hospital,101.8550478,15.570139
671949934,โรงพยาขาลห้วยเม็ก,hospital,103.229152,16.5960534
634093371,โรงพยาขาลหนองกุงศรี,hospital,103.2964938,16.649795
942248650,โรงพยาบาลนครราชสีมา,hospital,101.965155,14.9253403
1085687599,โรงพยาบาลกุดชุม,hospital,104.3381843,16.0206467
4545842391,Animal hospital  Sawang Daen Din,hospital,103.4529457,17.4752267
5000149647,รวมแพท,hospital,102.7519715,17.8846758
5585571921,บ้านแบ่งบุญ,hospital,100.6626138,13.8054223
1611570040,,hospital,103.0219578,16.7718501
1613082319,,hospital,103.1062018,16.8612261
1613079931,,hospital,103.0398708,16.8061289
1613080690,,hospital,103.0801398,16.842908
2649623698,,hospital,100.7641613,18.6901665
1928865162,,hospital,103.1973039,16.1123902
3981005954,,hospital,101.6672095,17.133235
4811260814,Home for the Blind,hospital,100.6352788,13.8453044
2562547850,โรงพยาบาลเวชการุณย์รัศมิ์,hospital,100.8590001,13.8565652
2562622348,โรงพยาบาล นวมินทร์ 9,hospital,100.7239005,13.8112938
5371925720,โรงพยาบาลเมืองจันทร์,hospital,104.0525114,15.1858691
7758120038,โรงพยาบาลสิรินธร,hospital,105.4048638,15.2013959
7778792063,โรงพยาบาลพิบูลมังสาหาร,hospital,105.2274638,15.2454077
7741755997,โรงพยาบาลโขงเจียม,hospital,105.48693,15.3210385
3898514219,Mittraphap Memorial Hospital,hospital,100.9154819,14.520677
7681139222,โรงพยาบาลบ้านด่าน,hospital,103.1756464,15.1091513
356278265,Montree Hospital,hospital,102.0914338,14.9771923
356278384,Korat MRI Medical Clinic,hospital,102.0904725,14.979431
356278324,Korat Memorial Hospital,hospital,102.0866702,14.975849
6221787293,,hospital,103.4474068,18.0816547
6171169502,,hospital,104.4691952,17.4548337
6150094894,,hospital,104.7105255,17.28552
6170922531,,hospital,104.6135997,17.5547228
6176100703,,hospital,102.5143276,15.4532853
6205275663,,hospital,103.3120687,18.2996068
6084261386,,hospital,104.99775,15.7935065
6141865736,,hospital,104.6785931,17.0545111
5346112258,,hospital,102.2177055,14.7442928
8269198969,สถานีอนามัยหนองพลวง,hospital,102.1119332,14.9068327
8811102698,WIH International Hospital,hospital,100.6505749,13.6638559
8625732758,Health Center,hospital,102.7914226,14.9759208
8514501951,โรงพยาบาลส่งเสริมสุขภาพตำบลหนองกี่,hospital,101.8102877,14.069277
6937697408,โรงพยาบาลค่ายสุริยพงษ์,hospital,100.7956051,18.7906323
6176926197,Seka Hospital,hospital,103.9481072,17.9390485
6177406939,Si Wilai Hospital,hospital,103.7376949,18.1858032
6120694284,Pathum Ratchawongsa Hospital,hospital,104.936113,15.900478
8221392891,สถานีอนามัยดอนหวาย,hospital,102.2798784,15.1199705
8061280277,Muang Samut Hospital Bangpoo Mai,hospital,100.6394893,13.5255396
6979059458,New ?,hospital,102.6134411,13.8322805
7836144583,Loei RAM Hospital,hospital,101.7263786,17.46377
7847393051,Be Balance กายภาพบำบัดคลินิก,hospital,102.1139745,14.977201
8562439196,โรงพยาบาลส่งเสริมสุขภาพตำบลตำบลบ้านหัวชวด General Hospital,hospital,101.3124952,12.8444089
963209375,โรงพยาบาลโพนทอง,hospital,103.9705455,16.2944746
1883550279,โรงพยาบาล อำเภอสีชมพู,hospital,102.1877869,16.7977395
1787142357,องค์การบริหารส่วน ตำบลคอมฉิม,hospital,102.5302974,15.9342021
1699106594,โรงพยาบาล อำเภอหนองสองห้อง,hospital,102.7946129,15.7332543
1700620340,โรงพยาบาล อำเภอเปือยน้อย,hospital,102.9108077,15.8788253
1913931587,โรงพยาบาล อำเภอคอนสาร,hospital,101.9150707,16.6156206
1913931588,โรงพยาบาล อำเภอภูพาม่าน,hospital,101.9023325,16.646025
1908445585,โรงพยาบาล อำเภอชุมแพ,hospital,102.0999099,16.5456932
4686931089,โรงพยาบาลเสิงสาง,hospital,102.4637386,14.4314851
6926053686,โรงพยาบาลสุทธาเวช คณะแพทยศาสตร์ มหาวิทยาลัยมหาสารคาม strict Maha Sarakham 44000,hospital,103.2853754,16.1997324
1727724727,โรงพยาบาล อำเภอลำปลายมาศ,hospital,102.832996,15.0144741
2321107849,Muang Phet Hospital,hospital,101.157488,16.4234125
3326566443,Phra Si Maha Phot Psychiatric Hospital,hospital,104.8412386,15.2508312
2141656855,Koh Kood Hospital,hospital,102.5399255,11.657889
4323518690,Rattanaburi Hospital,hospital,103.8485356,15.3103236
6917991431,โรงพยาบาลราชเวชอุบล,hospital,104.843104,15.2673229
6200784855,Sunpasitinter Hospital,hospital,104.8661699,15.2344354
4925817604,Yang Sisurat Hospital,hospital,103.1029484,15.6820979
4730610823,Pongnamron Hospital,hospital,102.2633436,12.9049572
6015467682,Tan Sum Hospital,hospital,105.1255049,15.3121297
3510430342,โรงพยาบาลกมลาไสย,hospital,103.5688101,16.332268
7688192168,โรงพยาบาลสามย่าน,hospital,101.644243,12.7790272
2572163686,โรงพยาบาลจังหาร,hospital,103.616103,16.1408157
7688192241,โรงพยาบาลเอกชนระยอง,hospital,101.292524,12.6955509
7688191991,โรงพยาบาลทรายมูล,hospital,104.1983216,15.9486983
7688192385,โรงพยาบาลท่าตูม,hospital,103.6674037,15.3004397
7688192128,โรงพยาบาลจิตเวชนครพนมราชนครินทร์,hospital,104.7200048,17.4854314
1402295030,โรงพยาบาลภักดีชุมพล,hospital,101.4156194,15.8514298
2737036678,ศูนย์บริการสาธารณสุข ปากน้ำ,hospital,101.2606406,12.6610428
2889115530,โรงพยาบาลบ้านค่าย,hospital,101.2926381,12.7783009
2412639953,โรงพยาบาลมวกเหล็ก,hospital,101.1982047,14.6368935
2385856215,โรงพยาบาลเอราวัณ,hospital,101.9412813,17.3070741
2386101060,โรงพยาบาลส่งเสริมสุขภาพ ตำบล หนองหิน,hospital,101.8583966,17.1222846
1001431539,สถานีอนามัยเกาะเสม็ด,hospital,101.4644665,12.5703545
2385769463,โรงพยาบาลภูกระดึง,hospital,101.8831567,16.8847876
8151535229,โรงพยาบาล ราชพฤกษ์,hospital,102.8304031,16.4486288
7620482690,โรงพยาบาลธัญญารักษ์ อุดรธานี,hospital,102.8815502,17.2643663
1389256604,โรงพยาบาลค่ายประจักษ์ศิลปาคม,hospital,102.8118659,17.3699739
1375583771,โรงพยาขาลเขาสวนกวาง,hospital,102.856344,16.8511655
381911280,โรงพยาบาล วัดหนองแวง,hospital,102.835041,16.4088975
1091369946,ศูนย์อนามัยที่ 6,hospital,102.8510992,16.429482
7856667452,โรงพยาบาลสมเด็จพระยุพราชสระแก้ว,hospital,102.0722848,13.8168587
2663374983,ศูนย์การแพทย์สมเด็จพระเทพรัตนราชสุดาฯ สยามบรมราชกุมารี,hospital,100.984775,14.1116233
7856667651,โรงพยาบาลบีแคร์เมดิคอลเซ็นเตอร์,hospital,100.6247073,13.9436991
5447443186,Ananda Mahidol Hospital,hospital,100.6655425,14.8492984
7688192354,โรงพยาบาลชานุมาน,hospital,104.9994177,16.235338
1657141019,,hospital,103.0793151,14.918347
2804962211,,hospital,103.9731706,17.5980695
1800559122,คลินิกชุมชนอบอุ่น,hospital,101.2787691,12.6742578
1721503151,โรงพยาบาลบึงสามพัน,hospital,101.0101567,15.7676321
7644386222,โรงพยาบาลสหัสขันธ์,hospital,103.5194063,16.7106028
6210232585,โรงพยาบาล ยางชุมน้อย,hospital,104.3999542,15.2642895
7856667550,โรงพยาบาลหลักเมือง,hospital,103.6497456,16.0607018
7856667475,โรงพยาบาลเซ็ลทรัลปาร์ค,hospital,100.7440415,13.6155645
7856667513,โรงพยาบาลสตึก,hospital,103.2875401,15.2900014
1388263071,โรงพยาบาลเต่างอย,hospital,104.1602916,16.9922675
5679154233,Serene Hospital,hospital,100.6536188,13.7404216
2654137132,Kap Choeng Hospital,hospital,103.5906018,14.4770629
5646661721,ศูนย์มะเร็งชลบุรี,hospital,100.9529983,13.3442803
7692856415,โรงพยาบาล ดอนตาล,hospital,104.9241838,16.3100666
1241849685,โรงพยาบาลนาดูน,hospital,103.2335255,15.7135617
1347695009,โรงพยาบาลหนองแสง,hospital,102.7798508,17.1659773
1364240998,โรงพยาขาลพล,hospital,102.5999536,15.8084029
1367502494,โรงพยาบาลชนบท,hospital,102.6188565,16.0915456
665781427,โรงพยาบาล อำเภอแวงใหญ่,hospital,102.5328474,15.9399314
1727724722,โรงพยาบาล อำเภอชุมพวง,hospital,102.7459599,15.3406167
1825172788,โรงพยาบาลบ้านเกิ้ง,hospital,102.7152971,16.0782595
1505125168,โรงพยาบาล อำเภอหนองเรือ,hospital,102.4434179,16.4909649
966810806,โรงพยาบาล อำเภอหนองบัวแดง,hospital,101.8102762,16.0828622
1482233715,โรงพยาบาลบ้านฝาง,hospital,102.6543304,16.4491924
4285828389,โรงพยาบาลสิรินธร,hospital,100.7065976,13.7176626
6926032886,โรงพยาบาลมหาสารคาม,hospital,103.2991217,16.1814056
4162044408,,hospital,104.2665659,17.0519644
4162044434,,hospital,104.1444159,17.1623692
4162044441,,hospital,104.1057931,17.1873904
4162044500,,hospital,103.7051433,17.3935497
4162044449,,hospital,104.2878378,17.2215711
4162044516,,hospital,103.4586668,17.4763083
4162044456,,hospital,103.6347168,17.2652402
4162044533,,hospital,103.972608,17.597511
4162044538,,hospital,103.7502335,17.6238336
4162044474,,hospital,104.3095397,17.326748
4162044440,,hospital,103.7157594,17.1848344
5279506921,โรงพยาบาลอุบลรักษ์ ธนบุรี,hospital,104.8711761,15.2311513
2965509424,,hospital,100.8606141,19.290692
356282313,Suranari Hospital,hospital,102.0869277,14.9664379
1218765524,สถานีอนามัยตำบลเกาะหมาก,hospital,102.4812709,11.8115083
5783799653,โรงพยาบาลค่ายสรรพสิทธิประสงค์,hospital,104.8750661,15.1939841
1388308951,โรงพยาบาลกุมภวาปี,hospital,103.0198447,17.1050988
1614851223,โรงพยาบาล มะเร็ง อุดรธานี,hospital,102.8825237,17.2633659
1614907953,ศูนย์สงเคราะห์บุคคลปัญญาอ่อน ภาคตะวันออกเฉียงเหนือ,hospital,102.8496622,17.3130539
4249860689,โรงพระยาบาน ท่าบ่อ,hospital,102.5773784,17.8470406
7781882457,โรงพยาบาล สว่างวีระวงศ์,hospital,105.0880346,15.2402837
967663687,โรงพยาบาลคอนสวรรค์,hospital,102.2819063,15.932741
1068754708,โรงพยาบาลสมเด็จพระยุพราช กุฉินารายณ์,hospital,104.0412199,16.5298201
7688192248,โรงพยาบาลสุรินทร์,hospital,103.5033445,14.8765029
2321107850,Phetchabun Hospital,hospital,101.1531347,16.4269606
4052723460,โรงพยาบาลสระบุรี,hospital,100.9154079,14.5344941
1577988798,International Clinic,hospital,102.2777027,12.0929946
6126405548,โรงพยาบาล เขมราฐ,hospital,105.2123053,16.0383224
7907149685,สถานีอนามัยสกาด,hospital,101.0040376,19.2654463
1597544742,,hospital,101.0732375,13.6844421
6766018886,โรงพยาบาลรามาธิบดีจักรีนฤบดินทร์ สถาบันการแพทย์จักรีนฤบดินทร์,hospital,100.7609482,13.5260425
1218832213,Bangkok hospital,hospital,102.2759364,12.0996699
4991645626,โรงพยาบาลสมเด็จพระยุพราชกระนวน,hospital,103.0856301,16.7062656
4061099999,Meko Clinic The Mall Bangkapi เมโกะ สาขา เดอะมอลล์บางกะปิ,hospital,100.642388,13.76572
4641453593,Bangkok Rayong Hospital,hospital,101.2213798,12.6748946
1319724319,โรงพยาบาลมัญจาคีรี,hospital,102.5341154,16.1347821
665751454,โรงพยาบาล อำเภอแวงน้อย,hospital,102.3903798,15.8139878
1721835164,โรงพยาบาล อำเภอนองกี่,hospital,102.5349386,14.6864526
4162044401,โรงพยาบาลพระอาจารย์แบน ธนากโร,hospital,103.9660722,17.0019424
4162044414,,hospital,103.8212935,17.0898833
4162044567,,hospital,103.5699618,17.8500208
4162044569,,hospital,103.7667356,17.8602572
4162044397,โรงพยาบาลเต่างอย,hospital,104.1601071,16.9920047
4162044487,โรงพยาบาลพระอาจารย์ฝั้น,hospital,103.8562278,17.3527413
4162044481,,hospital,103.4775389,17.3339372
1313558732,โรงพยาบาล วัฒนา,hospital,102.7838538,17.4216091
2333063559,โรงพยาบาลมหาราชนครราชสีมา,hospital,102.0995022,14.9853647
4607482391,โรงพยาบาล เสรีรักษ์,hospital,100.7173999,13.8111264
7683754708,โรงพยาบาลมุกดาหาร อินเตอร์เนชั่นแนล,hospital,104.732894,16.5315258
389407410,โรงพยาบาลกรุงเทพ,hospital,102.8200449,16.4420747
5652917744,Princ Hospital Suvarnabhumi,hospital,100.6659748,13.6570546
3448532959,โรงพยาบาล ยางตลาด,hospital,103.3481894,16.3888068
1802406247,โรงพยาบาล อำเภอเชียงยืน,hospital,103.0987143,16.4034324
378636749,โรงพยาบาลศรีนครินทร์,hospital,102.8302327,16.4682595
1389224994,โรงพยาบาลอุดรธานี,hospital,102.7803421,17.4149312
634183695,โรงพยาบาล อำเภอโนนสะอาด,hospital,102.8911608,16.9582945
634183668,โรงพยาบาลน้ำพอง,hospital,102.8016952,16.7293044
477126720,โรงพยาบาลราชพฤกษ์,hospital,102.824182,16.4353594
3326559851,โรงพยาบาลสรรพสิทธิประสงค์,hospital,104.865494,15.2362299
6238431403,โรงพยาบาลบ้านตาขุน,hospital,98.889944,8.9145
3919780548,,hospital,98.5203463,8.4435603
7166608885,,hospital,100.0881428,7.6199072
4821737521,,hospital,99.8722975,6.8623318
5648719022,,hospital,98.2956365,8.0021188
1081283674,,hospital,99.0099884,8.1687714
2681909993,,hospital,98.7776041,9.7881499
3318085125,Satun Hospital,hospital,100.0706695,6.6176849
6373055875,Ron Phibun Hospital,hospital,99.8618681,8.1742316
1177875547,Na Mom Hospital,hospital,100.5856983,6.9844604
6373939705,Lan Saka Hospital,hospital,99.7999363,8.3646196
4421542835,Sriphala,hospital,100.0316586,9.5468666
978712328,ไม้ขาว,hospital,98.313357,8.1243252
7180440793,Bangkok hospital,hospital,99.2933474,9.122578
4409757993,Thalang hospital,hospital,98.338625,8.0230867
2723711783,โรงพยาบาลทุ่งสง,hospital,99.6176386,8.1843908
1081283677,โรงพยาบาลเหนือคลอง,hospital,99.0001522,8.0572961
4041224359,Kapoe Hospital,hospital,98.5887188,9.5832977
3399238676,โรงพยาบาล นครพัฒ,hospital,99.9786138,8.3934826
4312319089,Nakhon Christian Hospital,hospital,99.964,8.436655
7856632179,โรงพยาบาลถ้ำพรรณรา,hospital,99.3939221,8.4210186
7856667392,โรงพยาบาลท่าโรงช้าง,hospital,99.1724038,9.0566043
7856667419,โรงพยาบาลละอุ่น,hospital,98.7371456,10.1192771
7856632184,โรงพยาบาลขนอม,hospital,99.860208,9.2045129
7856632139,โรงพยาบาลทุ่งหว้า,hospital,99.7663414,7.0928225
7856632177,โรงพยาบาลสมเด็จพระยุพราชฉวาง,hospital,99.5334613,8.446362
7856667395,โรงพยาบาลเคียนซา,hospital,99.1604519,8.8345959
7856632172,โรงพยาบาลรัษฎา,hospital,99.6315014,7.975619
7856667387,โรงพยาบาลสวนสราญรมย์,hospital,99.2397487,9.1083682
7856667402,โรงพยาบาลวิภาวดี,hospital,98.9797138,9.2418008
7856632128,โรงพยาบาลพัชรเวช,hospital,100.4188317,6.6341828
7856667391,โรงพยาบาลพุนพิน,hospital,99.2325255,9.1057992
7856667418,โรงพยาบาลค่ายรัตนรังสรรค์,hospital,98.5928643,9.778793
7856632163,โรงพยาบาลป่าพะยอม,hospital,99.942069,7.8405949
7856632166,โรงพยาบาลเชียรใหญ่,hospital,100.136497,8.1620035
7856632168,โรงพยาบาลเทศบาลนครนครศรีธรรมราช,hospital,99.9651521,8.4168264
7856667385,โรงพยาบาลดอนสัก,hospital,99.6944958,9.3182967
7856667400,โรงพยาบาลละแม,hospital,99.0864873,9.7575619
7856632138,โรงพยาบาลท่าแพ,hospital,99.9694919,6.7884717
7856632154,โรงพยาบาลนาโยง,hospital,99.6942651,7.5688205
7856632176,โรงพยาบาลนาบอน,hospital,99.5829642,8.2589749
7856632140,โรงพยาบาลรัตภูมิ,hospital,100.2530873,7.1324693
7856632142,โรงพยาบาลจิตเวชสงขลาราชนครินทร์,hospital,100.6137317,7.1783956
7856667411,โรงพยาบาลอ่าวลึก,hospital,98.7426978,8.4018826
7856632167,โรงพยาบาลปากพนัง,hospital,100.1979679,8.3586241
7856632149,โรงพยาบาลกระแสสินธุ์,hospital,100.3289455,7.6208721
7856632151,โรงพยาบาลพัทลุง,hospital,100.0737333,7.6145448
7856632174,โรงพยาบาลลำทับ,hospital,99.3023944,8.0626927
7856667399,โรงพยาบาลหลังสวน,hospital,99.0665853,9.9831367
7856667410,โรงพยาบาลปลายพระยา,hospital,98.8656127,8.5325787
7856632148,โรงพยาบาลเขาชัยสน,hospital,100.1366043,7.4571136
7856632152,โรงพยาบาลควนขนุน,hospital,100.0070965,7.732276
7856667408,โรงพยาบาลชัยบุรี,hospital,99.0812945,8.4695708
7856667414,โรงพยาบาลกะปง,hospital,98.3984578,8.6857892
7856667396,โรงพยาบาลพระแสง,hospital,99.2431336,8.5724493
7856667406,โรงพยาบาลคีรีรัฐนิคม,hospital,98.9703154,9.0180256
7856632178,โรงพยาบาลพิปูน,hospital,99.6085417,8.5401966
7856667403,โรงพยาบาลไชยา,hospital,99.206779,9.3859057
7856667405,โรงพยาบาลกองบิน 7,hospital,99.1453028,9.1553475
7856667412,โรงพยาบาลทับปุด,hospital,98.629227,8.500633
7856667388,โรงพยาบาลค่ายวิภาวดีรังสิต,hospital,99.3619126,9.131276
7856667417,โรงพยาบาลสุขสำราญ,hospital,98.4315884,9.3433189
7856632146,โรงพยาบาลตะโหมด,hospital,100.1305747,7.3484639
7856632156,โรงพยาบาลปะเหลียน,hospital,99.6942222,7.2039822
7856632134,โรงพยาบาลมิตรภาพสามัคคี,hospital,100.4754156,7.0091875
7856632173,โรงพยาบาลบางขัน,hospital,99.4824457,8.0261168
7856667416,โรงพยาบาลคุระบุรี,hospital,98.4158117,9.1912637
7856632133,โรงพยาบาลกองบิน 56,hospital,100.4098248,6.929377
7856632155,โรงพยาบาลกงหรา,hospital,99.9516821,7.4058562
7856632161,โรงพยาบาลวังวิเศษ,hospital,99.3955368,7.7367093
7856667397,โรงพยาบาลทุ่งตะโก,hospital,99.0861869,10.1224774
7856632137,โรงพยาบาลควนโดน,hospital,100.0954324,6.7765608
7856667409,โรงพยาบาลเขาพนม,hospital,99.0459269,8.2572655
7856632165,โรงพยาบาลชะอวด,hospital,99.9913788,7.981144
7856632162,โรงพยาบาลเอกชนห้วยยอด,hospital,99.6344572,7.7876162
7856632144,โรงพยาบาลสิงหนคร,hospital,100.5297249,7.2342771
7856632132,โรงพยาบาลคลองหอยโข่ง,hospital,100.396741,6.9054768
7856632180,โรงพยาบาลสมเด็จพระยุพราชเวียงสระ,hospital,99.3710375,8.6375722
7856667393,โรงพยาบาลบ้านนาสาร,hospital,99.3667138,8.842107
7856667420,โรงพยาบาลปากน้ำชุมพร,hospital,99.2487127,10.4386469
7856632153,โรงพยาบาลศรีบรรพต,hospital,99.8797667,7.7173707
7856632181,โรงพยาบาลเวียงเวช,hospital,99.3687522,8.6345597
7856632160,โรงพยาบาลเกาะลันตา,hospital,99.0968567,7.5198366
7856667386,โรงพยาบาลกาญจนดิษฐ์,hospital,99.4929546,9.1616286
7856667407,โรงพยาบาลพนม,hospital,98.8183093,8.8649098
7856632135,โรงพยาบาลศิครินทร์หาดใหญ่,hospital,100.4696944,7.022421
7856667401,โรงพยาบาลท่าชนะ,hospital,99.1660952,9.5974918
7856632170,โรงพยาบาลพรหมคีรี,hospital,99.8192936,8.5253743
7856632175,โรงพยาบาลรวมแพทย์ทุ่งสง,hospital,99.6775281,8.1651736
7856632129,โรงพยาบาลสะเดา,hospital,100.4071212,6.6357813
7856632157,โรงพยาบาลย่านตาขาว,hospital,99.6665793,7.3871732
7856632145,โรงพยาบาลปากพะยูน,hospital,100.3224706,7.3494109
7856667390,โรงพยาบาลศรีวิชัยสุราษฎร์ธานี,hospital,99.3089121,9.1155188
7856632164,โรงพยาบาลหัวไทร,hospital,100.2860462,8.0465032
7856632143,โรงพยาบาลฐานทัพเรือสงขลา,hospital,100.6062698,7.18404
7856632147,โรงพยาบาลบางแก้ว,hospital,100.1760542,7.4227724
7856667404,โรงพยาบาลท่าฉาง,hospital,99.187805,9.2577589
7856632182,โรงพยาบาลแพทย์สุนทร,hospital,99.3516505,8.6347825
7856632136,โรงพยาบาลบางกล่ำ,hospital,100.4092938,7.0931419
7856632158,โรงพยาบาลกันตัง,hospital,99.5253718,7.4151868
7856632141,โรงพยาบาลควนเนียง,hospital,100.34675,7.1953285
7856632150,โรงพยาบาลระโนด,hospital,100.3365897,7.7834733
7856667394,โรงพยาบาลบ้านนาเดิม,hospital,99.3058383,8.8927567
6169743468,โรงพยาบาลพังงา,hospital,98.5263666,8.4486468
7856632169,โรงพยาบาลค่ายวชิราวุธ,hospital,99.9543214,8.4978184
7856632171,โรงพยาบาลจุฬาภรณ์นครศรีธรรมราช,hospital,99.8610234,8.0709093
7856667398,โรงพยาบาลปากน้ำหลังสวน,hospital,99.1497767,9.9642434
7856667413,โรงพยาบาลฐานทัพเรือพังงา,hospital,98.2418275,8.5794936
7856632159,โรงพยาบาลสิเกา,hospital,99.3468547,7.5674698
7856667389,โรงพยาบาลบ้านดอน,hospital,99.3293774,9.1475039
1743126091,โรงพยาบาลค่ายเสนาณรงค์,hospital,100.4992247,7.0201549
2784775764,โรงพยาบาลคลองท่อม,hospital,99.14422,7.9521151
6317749586,,hospital,99.0427816,7.6616548
4826589221,,hospital,99.037428,7.6483061
6123123985,,hospital,100.0086386,9.706114
4796334324,,hospital,99.9671405,8.4555394
2072444671,Ranong Hospital,hospital,98.6429036,9.9634298
1648248275,โรงพยาบาลท้ายเหมือง,hospital,98.2607421,8.4012666
1648248195,โรงพยาบาลตะกั่วทุ่ง,hospital,98.3035073,8.2799869
5599755521,,hospital,98.2967005,7.8482635
4552318201,,hospital,98.5908814,7.9539664
6364425485,JRH Hospital,hospital,98.9081069,8.1009352
8041953789,Best hotel,hospital,99.0305637,7.6164757
6846119086,wattanapat,hospital,98.8171855,8.056518
7159948485,,hospital,100.0575822,9.5001267
5840067413,Huaiyot Hospital,hospital,99.6279831,7.802381
6515721985,โรงพยาบาลสวี,hospital,99.1090168,10.2301374
5839221286,,hospital,98.307155,7.819525
6053970687,,hospital,98.2884317,7.9512691
4711167391,,hospital,99.680522,8.1623866
2282625661,,hospital,98.5994158,8.1128705
1604765520,Clinic,hospital,98.8343022,8.0387834
2218241376,Hospital Tha Sala - โรงพยาบาลท่าศาลา,hospital,99.9220668,8.6634638
1893382530,Thai International Hospital,hospital,100.0426637,9.5352978
4813165821,Chalong Hospital,hospital,98.3408379,7.824194
1150191198,Phi Phi Island Hospital,hospital,98.7676845,7.7381792
7688192004,โรงพยาบาลกระบุรี,hospital,98.7786617,10.3983727
7688165144,โรงพยาบาลปาดังเบซาร์,hospital,100.3417098,6.6520225
7856632183,โรงพยาบาลสิชล,hospital,99.9038313,9.0080016
3879843285,Phuket Provincial Hospital,hospital,98.4048018,7.8812355
5068687521,,hospital,98.9062507,8.080981
5511500221,,hospital,98.8243921,8.0326218
1743126086,โรงพยาบาลหาดใหญ่,hospital,100.4674503,7.0166654
1669658716,Samui International Hospital,hospital,100.069983,9.538496
4701120090,,hospital,99.646506,6.701556
4707743392,,hospital,99.3634237,8.3148467
767631778,โรงพยาบาลทันตกรรม,hospital,100.4963632,7.0079788
4597623881,Koh Phayam Health Promoting Center,hospital,98.4194742,9.7403346
3460602131,โรงพยาบาลตะกั่วป่า,hospital,98.3341481,8.8637597
4817868123,Siam International Clinic,hospital,98.2989054,7.895325
1728044642,โรงพยาบาลป่าบอน,hospital,100.1764831,7.2590745
5492946221,Healthplus medical clinic,hospital,98.3011825,7.8297765
6185413887,Dr. Bangla Clinic,hospital,98.2975676,7.8934507
5432822321,,hospital,98.228597,8.5681161
5448395821,Andaman international clinic,hospital,99.3078401,6.4892799
1743126095,โรงพยาบาลวัฒนแพทย์,hospital,99.6174911,7.5639988
4821714521,La-Ngu Hospital,hospital,99.7861828,6.9313357
1743126088,โรงพยาบาลมิชชั่น ภูเก็ต,hospital,98.3909854,7.9065293
2034506340,Siam International Clinic,hospital,98.7735035,7.7404164
4024849423,โรงพยาบาลทักษิณ,hospital,99.3330607,9.148273
1743126094,โรงพยาบาลตรังรวมแพทย์,hospital,99.6195962,7.5686877
1603388950,โรงพยาบาลมหาราช นครศรีธรรมราช,hospital,99.972423,8.390617
321664688,,hospital,99.3086158,6.4921979
1528148436,โรงพยาบาลเกาะสมุย,hospital,99.9355204,9.5219221
3048515447,Trang Hospital,hospital,99.6193355,7.5723368